Date,Plot,Site,Initials,Species,DBH,Notes
8/8/24,1,Colby Arboretum,RW,ACESAC,11.9,
8/11/24,1,Little Moose,RW,PICRUB,6.9,
8/11/24,1,Little Moose,RW,PICRUB,3,
8/11/24,1,Little Moose,RW,PICRUB,9.3,
8/11/24,1,Little Moose,RW,PICRUB,11.9,
8/11/24,1,Little Moose,RW,PICRUB,6.2,
8/11/24,1,Little Moose,RW,PICRUB,8.1,
8/11/24,1,Little Moose,RW,ABIBAL,10.4,
8/11/24,1,Little Moose,RW,ABIBAL,6,
8/11/24,1,Little Moose,RW,PICRUB,7.0,
8/11/24,1,Little Moose,RW,PICRUB,7.7,
8/11/24,1,Little Moose,RW,PICRUB,5.2,
8/11/24,1,Little Moose,RW,PICRUB,4.5,
8/11/24,1,Little Moose,RW,PICRUB,9.4,
8/11/24,1,Little Moose,RW,ABIBAL,4.8,
8/11/24,1,Little Moose,RW,ABIBAL,9.2,
8/11/24,1,Little Moose,RW,ABIBAL,12.3,
8/11/24,1,Little Moose,RW,ABIBAL,12.3,
8/11/24,1,Little Moose,RW,PICRUB,6.4,
8/11/24,1,Little Moose,RW,PICRUB,4.0,
8/11/24,1,Little Moose,RW,PICRUB,6.1,
8/11/24,1,Little Moose,RW,ABIBAL,3.3,
8/11/24,1,Little Moose,RW,PICRUB,5.4,
8/11/24,1,Little Moose,RW,PICRUB,7.2,
8/11/24,1,Little Moose,RW,PICRUB,4.8,
8/11/24,1,Little Moose,RW,PICRUB,6.7,
8/11/24,1,Little Moose,RW,ABIBAL,8.2,
8/11/24,1,Little Moose,RW,ABIBAL,9.2,
8/11/24,1,Little Moose,RW,PICRUB,7.8,
8/11/24,1,Little Moose,RW,ABIBAL,7.4,
8/11/24,1,Little Moose,RW,ABIBAL,9.8,
8/11/24,1,Little Moose,RW,ABIBAL,5.1,
8/11/24,1,Little Moose,RW,ABIBAL,11.4,
8/11/24,1,Little Moose,RW,ABIBAL,6.0,
8/11/24,1,Little Moose,RW,ABIBAL,6.2,
8/11/24,1,Little Moose,RW,ABIBAL,5.8,
8/11/24,1,Little Moose,RW,ACEPEN,8.5,
8/11/24,1,Little Moose,RW,ABIBAL,11.9,
8/11/24,1,Little Moose,RW,PICRUB,5.8,
8/11/24,1,Little Moose,RW,PICRUB,11.9,
8/11/24,1,Little Moose,RW,PICRUB,4.8,
8/11/24,1,Little Moose,RW,PICRUB,6.6,
8/18/24,1,Bradley,RW,ABIBAL,3.8,
8/18/24,1,Bradley,RW,TSUCAN,2.9,
8/18/24,1,Bradley,RW,ABIBAL,11.3,
8/18/24,1,Bradley,RW,TSUCAN,3.2,
8/18/24,1,Bradley,RW,TSUCAN,5.1,
8/18/24,1,Bradley,RW,TSUCAN,3.7,
8/18/24,1,Bradley,RW,TSUCAN,5.1,
8/18/24,1,Bradley,RW,TSUCAN,6.7,
8/18/24,1,Bradley,RW,TSUCAN,7.2,
8/18/24,1,Bradley,RW,ABIBAL,7.9,
8/18/24,1,Bradley,RW,ABIBAL,4.6,
8/18/24,1,Bradley,RW,ABIBAL,4.0,
8/18/24,1,Bradley,RW,ABIBAL,3.0,
8/18/24,1,Bradley,RW,ABIBAL,5.6,
8/18/24,1,Bradley,RW,ABIBAL,7.8,
8/18/24,1,Bradley,RW,ABIBAL,7.4,
8/18/24,1,Bradley,RW,ABIBAL,3.5,
8/18/24,1,Bradley,RW,ABIBAL,7.8,
8/18/24,1,Bradley,RW,ABIBAL,7.7,
8/18/24,1,Bradley,RW,TSUCAN,4.5,
8/18/24,1,Bradley,RW,TSUCAN,5.1,
8/18/24,1,Bradley,RW,TSUCAN,7.3,
8/18/24,1,Bradley,RW,ABIBAL,6.9,
8/18/24,1,Bradley,RW,POPGRA,6.4,
8/18/24,1,Bradley,RW,ABIBAL,4.9,
8/18/24,1,Bradley,RW,ABIBAL,4.3,
8/18/24,1,Bradley,RW,ABIBAL,4.9,
8/18/24,1,Bradley,RW,ABIBAL,3.3,
8/18/24,1,Bradley,RW,ABIBAL,10.3,
8/18/24,1,Bradley,RW,ABIBAL,9.4,
8/18/24,1,Bradley,RW,ABIBAL,5.9,
8/18/24,1,Bradley,RW,ABIBAL,7.2,
8/18/24,1,Bradley,RW,ABIBAL,12.5,
8/18/24,1,Bradley,RW,ABIBAL,9.2,
8/18/24,1,Bradley,RW,ABIBAL,9.3,
8/18/24,1,Bradley,RW,POPGRA,7.5,
8/18/24,1,Bradley,RW,POPGRA,6.0,
8/18/24,1,Bradley,RW,POPGRA,4.4,
8/18/24,1,Bradley,RW,POPGRA,7.8,
8/18/24,1,Bradley,RW,POPGRA,6.0,
8/18/24,1,Bradley,RW,POPGRA,6.1,
8/18/24,1,Bradley,RW,ABIBAL,10.1,
8/18/24,1,Bradley,RW,POPGRA,5.7,
8/18/24,1,Bradley,RW,TSUCAN,7.4,
8/18/24,1,Bradley,RW,POPGRA,5.5,
8/18/24,1,Bradley,RW,ABIBAL,3.7,
8/18/24,1,Bradley,RW,ABIBAL,9.0,
8/18/24,1,Bradley,RW,ABIBAL,5.1,
8/18/24,1,Bradley,RW,ABIBAL,5.1,
8/18/24,1,Bradley,RW,ABIBAL,8.2,
8/18/24,1,Bradley,RW,ABIBAL,6.2,
8/18/24,1,Bradley,RW,PRUSER,3.6,
8/18/24,1,Bradley,RW,ABIBAL,4.8,
8/18/24,1,Bradley,RW,ABIBAL,4.7,
8/18/24,1,Bradley,RW,POPGRA,11.9,
8/18/24,1,Bradley,RW,POPGRA,12.4,
8/18/24,1,Bradley,RW,ABIBAL,4.2,
8/18/24,1,Bradley,RW,POPGRA,6.2,
8/18/24,1,Bradley,RW,POPGRA,6.2,
8/18/24,1,Bradley,RW,POPGRA,7.1,
8/18/24,1,Bradley,RW,POPGRA,6.0,
8/18/24,1,Bradley,RW,ABIBAL,6.2,
8/18/24,1,Bradley,RW,ABIBAL,3.9,
8/18/24,1,Bradley,RW,ABIBAL,6.7,
8/18/24,1,Bradley,RW,ABIBAL,11.6,
8/18/24,1,Bradley,RW,ABIBAL,4.6,
8/18/24,1,Bradley,RW,ABIBAL,4.4,
8/18/24,1,Bradley,RW,ABIBAL,5.7,
8/18/24,1,Bradley,RW,ABIBAL,4.7,
8/18/24,1,Bradley,RW,ABIBAL,4.7,
8/18/24,1,Bradley,RW,TSUCAN,5.6,
8/18/24,1,Bradley,RW,ABIBAL,9.9,
8/18/24,1,Bradley,RW,TSUCAN,9.2,
8/18/24,1,Bradley,RW,TSUCAN,5.8,
8/18/24,1,Bradley,RW,TSUCAN,7.3,
8/18/24,1,Bradley,RW,TSUCAN,4.5,
8/18/24,1,Bradley,RW,TSUCAN,7.3,
8/18/24,1,Bradley,RW,TSUCAN,6.5,
8/18/24,1,Bradley,RW,ABIBAL,4.5,
8/18/24,1,Bradley,RW,ABIBAL,3.8,
8/18/24,1,Bradley,RW,ABIBAL,5.7,
8/18/24,1,Bradley,RW,ABIBAL,5.1,
8/18/24,1,Bradley,RW,ABIBAL,4.2,
8/18/24,1,Bradley,RW,TSUCAN,3.9,
8/18/24,1,Bradley,RW,TSUCAN,11.1,
8/18/24,1,Bradley,RW,QUERUB,5.2,
8/18/24,1,Bradley,RW,QUERUB,4.7,
8/18/24,1,Bradley,RW,QUERUB,2.9,
8/18/24,1,Bradley,RW,TSUCAN,12.6,
8/18/24,1,Bradley,RW,ACERUB,6.4,
8/18/24,1,Bradley,RW,TSUCAN,3.5,
8/18/24,1,Bradley,RW,ACERUB,5.3,
8/18/24,1,Bradley,RW,TSUCAN,2.5,
8/18/24,1,Bradley,RW,TSUCAN,6.2,
8/18/24,1,Bradley,RW,TSUCAN,6.7,
8/18/24,2,Bradley,RW,POPGRA,12.6,
8/18/24,2,Bradley,RW,ABIBAL,7.9,
8/18/24,2,Bradley,RW,ABIBAL,4.6,
8/18/24,2,Bradley,RW,ABIBAL,5.9,
8/18/24,2,Bradley,RW,ABIBAL,5.5,
8/18/24,2,Bradley,RW,ABIBAL,8.0,
8/18/24,2,Bradley,RW,ABIBAL,8.1,
8/18/24,2,Bradley,RW,ABIBAL,7.3,
8/18/24,2,Bradley,RW,ABIBAL,5.2,
8/18/24,2,Bradley,RW,ABIBAL,3.3,
8/18/24,2,Bradley,RW,ABIBAL,3.2,
8/18/24,2,Bradley,RW,ABIBAL,4.8,
8/18/24,2,Bradley,RW,ABIBAL,4.7,
8/18/24,2,Bradley,RW,ABIBAL,10.7,
8/18/24,2,Bradley,RW,ABIBAL,4.1,
8/18/24,2,Bradley,RW,ABIBAL,5.9,
8/18/24,2,Bradley,RW,ABIBAL,9.2,
8/18/24,2,Bradley,RW,ABIBAL,4.1,
8/18/24,2,Bradley,RW,ABIBAL,3.2,
8/18/24,2,Bradley,RW,ABIBAL,8.6,
8/18/24,2,Bradley,RW,ABIBAL,7.2,
8/18/24,2,Bradley,RW,ABIBAL,3.8,
8/18/24,2,Bradley,RW,ABIBAL,5.0,
8/18/24,2,Bradley,RW,ABIBAL,7.4,
8/18/24,2,Bradley,RW,ABIBAL,8.4,
8/18/24,2,Bradley,RW,ABIBAL,4.7,
8/18/24,2,Bradley,RW,ABIBAL,9.1,
8/18/24,2,Bradley,RW,ABIBAL,10.3,
8/18/24,2,Bradley,RW,ABIBAL,8.8,
8/18/24,2,Bradley,RW,ABIBAL,8.3,
8/18/24,2,Bradley,RW,ABIBAL,7.2,
8/18/24,2,Bradley,RW,ABIBAL,3.9,
8/18/24,2,Bradley,RW,ABIBAL,3.9,
8/18/24,2,Bradley,RW,POPGRA,12.1,
8/18/24,2,Bradley,RW,ABIBAL,11.6,
8/18/24,2,Bradley,RW,ABIBAL,3.2,
8/18/24,2,Bradley,RW,ABIBAL,4.9,
8/18/24,2,Bradley,RW,ABIBAL,7.5,
8/18/24,2,Bradley,RW,ABIBAL,9.5,
8/18/24,2,Bradley,RW,ACERUB,5.0,
8/18/24,2,Bradley,RW,ACERUB,8.1,
8/18/24,2,Bradley,RW,ACERUB,10.4,
8/18/24,2,Bradley,RW,ACERUB,8.5,
8/18/24,2,Bradley,RW,ACERUB,8.5,
8/18/24,2,Bradley,RW,ACERUB,9.6,
8/18/24,2,Bradley,RW,PINSTR,5.8,
8/18/24,2,Bradley,RW,PINSTR,3.4,
8/18/24,2,Bradley,RW,ABIBAL,3.9,
8/18/24,2,Bradley,RW,ABIBAL,4.9,
8/18/24,2,Bradley,RW,ABIBAL,6.5,
8/18/24,2,Bradley,RW,ABIBAL,6.8,
8/18/24,2,Bradley,RW,ABIBAL,4.5,
8/18/24,2,Bradley,RW,ABIBAL,8.7,
8/18/24,2,Bradley,RW,ACERUB,6.5,
8/18/24,2,Bradley,RW,ACERUB,6.7,
8/19/24,1,Sebago Lake,RW,FRAAME,11.6,
8/19/24,1,Sebago Lake,RW,FRAAME,11.7,
8/19/24,1,Sebago Lake,RW,ACERUB,11.6,
8/19/24,1,Sebago Lake,RW,FAGGRA,3.3,
8/19/24,1,Sebago Lake,RW,FAGGRA,12.1,
8/19/24,1,Sebago Lake,RW,FAGGRA,11.8,
8/19/24,1,Sebago Lake,RW,OSTVIR,8.9,
8/19/24,1,Sebago Lake,RW,FAGGRA,6.7,
8/19/24,2,Sebago Lake,RW,PINSTR,11.7,
8/19/24,2,Sebago Lake,RW,FAGGRA,3.3,
8/19/24,2,Sebago Lake,RW,FAGGRA,3.6,
8/19/24,2,Sebago Lake,RW,PRUSER,3.0,
8/19/24,2,Sebago Lake,RW,PRUSER,2.8,
8/19/24,2,Sebago Lake,RW,BETPOP,7.8,
8/19/24,2,Sebago Lake,RW,ACERUB,8.8,
8/19/24,2,Sebago Lake,RW,HAMVIR,6.8,
8/19/24,2,Sebago Lake,RW,HAMVIR,4.3,
8/19/24,2,Sebago Lake,RW,ACERUB,12.3,
8/19/24,2,Sebago Lake,RW,PINSTR,11.4,
8/19/24,2,Sebago Lake,RW,HAMVIR,2.6,
8/19/24,2,Sebago Lake,RW,HAMVIR,3.5,
8/19/24,2,Sebago Lake,RW,FAGGRA,6.1,
8/19/24,2,Sebago Lake,RW,FAGGRA,2.8,
8/19/24,2,Sebago Lake,RW,FAGGRA,9.4,
8/19/24,2,Sebago Lake,RW,TSUCAN,9.1,
8/19/24,2,Sebago Lake,RW,FAGGRA,9.8,
8/19/24,2,Sebago Lake,RW,FAGGRA,6.7,
8/19/24,3,Sebago Lake,RW,ACERUB,7.3,
8/19/24,3,Sebago Lake,RW,FAGGRA,4.6,
8/19/24,3,Sebago Lake,RW,FAGGRA,11.6,
8/19/24,3,Sebago Lake,RW,ACERUB,7.9,
8/19/24,3,Sebago Lake,RW,ACERUB,3.8,
8/19/24,3,Sebago Lake,RW,FAGGRA,7.4,
8/23/24,1,Colby Hume,RW,TSUCAN,10.2,
8/26/24,3,Colby Arboretum,RW,ACERUB,9,
8/26/24,3,Colby Arboretum,RW,ACERUB,9.3,
8/26/24,3,Colby Arboretum,RW,ACERUB,8.9,
8/26/24,3,Colby Arboretum,RW,QUERUB,6.4,
8/26/24,3,Colby Arboretum,RW,FRAAME,5.7,
8/26/24,3,Colby Arboretum,RW,BETPOP,5.5,
8/26/24,3,Colby Arboretum,RW,PRUSER,8.3,
8/26/24,3,Colby Arboretum,RW,ACERUB,10.8,
8/26/24,3,Colby Arboretum,RW,ACERUB,7.1,
8/26/24,3,Colby Arboretum,RW,ACERUB,6.2,
8/26/24,3,Colby Arboretum,RW,FRAAME,11.7,
8/26/24,3,Colby Arboretum,RW,BETPAP,11.8,
8/27/24,1,Falmouth Land Trust,RW,ACESAC,10.4,
8/27/24,1,Falmouth Land Trust,RW,ACESAC,11.5,
8/27/24,1,Falmouth Land Trust,RW,ACESAC,5.7,
8/27/24,1,Falmouth Land Trust,RW,ACESAC,6.9,
8/27/24,1,Falmouth Land Trust,RW,ACESAC,3.8,
8/27/24,1,Falmouth Land Trust,RW,OSTVIR,3.3,
8/27/24,1,Falmouth Land Trust,RW,ACEPEN,4.7,
8/27/24,1,Falmouth Land Trust,RW,FAGGRA,8.0,
8/27/24,1,Falmouth Land Trust,RW,ACEPEN,3.4,
8/27/24,1,Falmouth Land Trust,RW,FAGGRA,11.1,
8/27/24,1,Falmouth Land Trust,RW,OSTVIR,6.3,
8/27/24,1,Falmouth Land Trust,RW,OSTVIR,6.4,
8/27/24,1,Falmouth Land Trust,RW,OSTVIR,3.8,
8/27/24,1,Falmouth Land Trust,RW,OSTVIR,4.8,
8/27/24,1,Falmouth Land Trust,RW,PINSTR,5.2,
8/27/24,1,Falmouth Land Trust,RW,FAGGRA,2.7,
8/27/24,1,Falmouth Land Trust,RW,ACERUB,12.0,
8/27/24,1,Falmouth Land Trust,RW,ACERUB,12.4,
8/27/24,1,Falmouth Land Trust,RW,ACESAC,6.0,
8/27/24,1,Falmouth Land Trust,RW,ACESAC,5.9,
8/27/24,1,Falmouth Land Trust,RW,ACERUB,9.8,
8/27/24,1,Falmouth Land Trust,RW,ACERUB,10.2,
8/27/24,1,Falmouth Land Trust,RW,ACESAC,2.7,
8/27/24,1,Falmouth Land Trust,RW,OSTVIR,7.8,
8/27/24,1,Falmouth Land Trust,RW,FRAAME,3.9,
8/27/24,2,Falmouth Land Trust,RW,ABIBAL,2.6,
8/27/24,2,Falmouth Land Trust,RW,ABIBAL,2.7,
8/27/24,2,Falmouth Land Trust,RW,ABIBAL,4.7,
8/27/24,2,Falmouth Land Trust,RW,FAGGRA,5.4,
8/27/24,2,Falmouth Land Trust,RW,FAGGRA,4.9,
8/27/24,2,Falmouth Land Trust,RW,FAGGRA,11.3,
8/27/24,2,Falmouth Land Trust,RW,PINSTR,2.8,
8/27/24,2,Falmouth Land Trust,RW,QUERUB,11.1,
8/27/24,2,Falmouth Land Trust,RW,PINSTR,3.1,
8/27/24,2,Falmouth Land Trust,RW,QUERUB,9.8,
8/27/24,2,Falmouth Land Trust,RW,FAGGRA,6.6,
8/27/24,2,Falmouth Land Trust,RW,FAGGRA,5.8,
8/27/24,2,Falmouth Land Trust,RW,FAGGRA,7.5,
8/27/24,2,Falmouth Land Trust,RW,TSUCAN,6.1,
8/27/24,2,Falmouth Land Trust,RW,FAGGRA,8.8,
8/27/24,3,Falmouth Land Trust,RW,ACESAC,8.9,
8/27/24,3,Falmouth Land Trust,RW,ACESAC,9.4,
8/27/24,3,Falmouth Land Trust,RW,ACESAC,5.5,
8/27/24,3,Falmouth Land Trust,RW,FRAAME,8.8,
8/27/24,3,Falmouth Land Trust,RW,FRAAME,10.1,
8/27/24,3,Falmouth Land Trust,RW,FRAAME,6.3,
8/27/24,3,Falmouth Land Trust,RW,FRAAME,8.9,
8/27/24,3,Falmouth Land Trust,RW,FRAAME,3.6,
8/27/24,3,Falmouth Land Trust,RW,FRAAME,7.6,
8/27/24,3,Falmouth Land Trust,RW,FRAAME,7.6,
8/27/24,3,Falmouth Land Trust,RW,RHACAT,5.6,
8/27/24,3,Falmouth Land Trust,RW,RHACAT,8.1,
9/2/24,4,Colby Arboretum,RW + AS,ACERUB,5.4,
9/2/24,4,Colby Arboretum,RW + AS,ACEPLA,5.2,
9/2/24,4,Colby Arboretum,RW + AS,FAGGRA,6.1,
9/2/24,4,Colby Arboretum,RW + AS,OSTVIR,12.0,
9/2/24,4,Colby Arboretum,RW + AS,OSTVIR,6.3,
9/2/24,4,Colby Arboretum,RW + AS,FRAAME,4.8,
9/2/24,4,Colby Arboretum,RW + AS,ACERUB,3.7,
9/2/24,4,Colby Arboretum,RW + AS,QUERUB,3.4,
9/2/24,4,Colby Arboretum,RW + AS,FAGGRA,5.8,
9/2/24,4,Colby Arboretum,RW + AS,QUERUB,3.3,
9/2/24,4,Colby Arboretum,RW + AS,QUERUB,3.6,
9/2/24,4,Colby Arboretum,RW + AS,PINSTR,12.6,
9/2/24,4,Colby Arboretum,RW + AS,ACERUB,3.8,
9/2/24,4,Colby Arboretum,RW + AS,QUERUB,3.8,
9/2/24,4,Colby Arboretum,RW + AS,QUERUB,4.6,
9/2/24,4,Colby Arboretum,RW + AS,QUERUB,4.2,
9/2/24,4,Colby Arboretum,RW + AS,QUERUB,2.7,
9/2/24,4,Colby Arboretum,RW + AS,FAGGRA,4.7,
9/2/24,4,Colby Arboretum,RW + AS,FAGGRA,6.3,
9/2/24,4,Colby Arboretum,RW + AS,FAGGRA,9.0,
9/2/24,4,Colby Arboretum,RW + AS,OSTVIR,4.0,
9/2/24,5,Colby Arboretum,RW + AS,FRAAME,5.3,
9/2/24,5,Colby Arboretum,RW + AS,FRAAME,9.3,
9/2/24,5,Colby Arboretum,RW + AS,FRAAME,3.3,
9/2/24,5,Colby Arboretum,RW + AS,FRAAME,3.1,
9/2/24,5,Colby Arboretum,RW + AS,FRAAME,3.7,
9/2/24,5,Colby Arboretum,RW + AS,QUERUB,4.7,
9/2/24,5,Colby Arboretum,RW + AS,FRAAME,3.4,
9/2/24,5,Colby Arboretum,RW + AS,FRAAME,3.0,
9/2/24,5,Colby Arboretum,RW + AS,FRAAME,3.2,
9/2/24,5,Colby Arboretum,RW + AS,FRAAME,3.4,
9/2/24,5,Colby Arboretum,RW + AS,FRAAME,6.2,
9/2/24,5,Colby Arboretum,RW + AS,FRAAME,5.4,
9/2/24,5,Colby Arboretum,RW + AS,FRAAME,4.7,
9/2/24,5,Colby Arboretum,RW + AS,FRAAME,3.5,
9/2/24,5,Colby Arboretum,RW + AS,FRAAME,8.6,
9/2/24,5,Colby Arboretum,RW + AS,QUERUB,5.4,
9/2/24,5,Colby Arboretum,RW + AS,FRAAME,8.5,
9/2/24,5,Colby Arboretum,RW + AS,ACERUB,4.7,
9/2/24,5,Colby Arboretum,RW + AS,BETPOP,5.1,
9/2/24,5,Colby Arboretum,RW + AS,FRAAME,8.8,
9/2/24,5,Colby Arboretum,RW + AS,QUERUB,7.3,
9/2/24,5,Colby Arboretum,RW + AS,QUERUB,6.0,
9/2/24,5,Colby Arboretum,RW + AS,FRAAME,9.6,
9/2/24,5,Colby Arboretum,RW + AS,FRAAME,2.8,
9/2/24,5,Colby Arboretum,RW + AS,FRAAME,4.0,
9/2/24,6,Colby Arboretum,RW + AS,ACESAC,4.3,
9/2/24,6,Colby Arboretum,RW + AS,ACESAC,6.2,
9/2/24,6,Colby Arboretum,RW + AS,ACESAC,3.6,
9/2/24,6,Colby Arboretum,RW + AS,ACESAC,5.6,
9/2/24,6,Colby Arboretum,RW + AS,FAGGRA,4.8,
9/2/24,6,Colby Arboretum,RW + AS,OSTVIR,4.4,
9/2/24,6,Colby Arboretum,RW + AS,FAGGRA,4.2,
9/2/24,6,Colby Arboretum,RW + AS,FAGGRA,9.4,
9/2/24,6,Colby Arboretum,RW + AS,ACERUB,7.3,
9/2/24,6,Colby Arboretum,RW + AS,ACESAC,3.0,
9/2/24,6,Colby Arboretum,RW + AS,ACESAC,6.4,
9/2/24,6,Colby Arboretum,RW + AS,ACESAC,5.6,
9/2/24,6,Colby Arboretum,RW + AS,FAGGRA,4.2,
9/2/24,6,Colby Arboretum,RW + AS,FAGGRA,3.5,
9/2/24,6,Colby Arboretum,RW + AS,FAGGRA,4.4,
9/2/24,6,Colby Arboretum,RW + AS,FAGGRA,7.3,
9/2/24,6,Colby Arboretum,RW + AS,FAGGRA,5.6,
9/2/24,6,Colby Arboretum,RW + AS,FAGGRA,5.1,
9/2/24,6,Colby Arboretum,RW + AS,FAGGRA,5.4,
9/2/24,6,Colby Arboretum,RW + AS,FAGGRA,2.6,
9/2/24,6,Colby Arboretum,RW + AS,ACESAC,6.8,
9/2/24,6,Colby Arboretum,RW + AS,ACESAC,4.8,
9/2/24,6,Colby Arboretum,RW + AS,ACERUB,3.1,
9/2/24,6,Colby Arboretum,RW + AS,FAGGRA,3.3,
9/2/24,6,Colby Arboretum,RW + AS,FAGGRA,3.0,
9/2/24,6,Colby Arboretum,RW + AS,ACERUB,9.9,
9/2/24,6,Colby Arboretum,RW + AS,FAGGRA,5.5,
9/2/24,6,Colby Arboretum,RW + AS,FAGGRA,4.5,
9/2/24,6,Colby Arboretum,RW + AS,ACESAC,5.4,
9/2/24,6,Colby Arboretum,RW + AS,ACESAC,7.3,
9/2/24,7,Colby Arboretum,RW,FAGGRA,3.8,
9/2/24,7,Colby Arboretum,RW,FAGGRA,5.7,
9/2/24,7,Colby Arboretum,RW,FAGGRA,10.8,
9/2/24,7,Colby Arboretum,RW,FAGGRA,6.4,
9/2/24,7,Colby Arboretum,RW,FAGGRA,2.5,
9/2/24,7,Colby Arboretum,RW,FAGGRA,4.5,
9/2/24,7,Colby Arboretum,RW,FAGGRA,3.2,
9/2/24,7,Colby Arboretum,RW,FAGGRA,8.5,
9/2/24,7,Colby Arboretum,RW,FAGGRA,2.7,
9/2/24,7,Colby Arboretum,RW,FAGGRA,3.9,
9/2/24,7,Colby Arboretum,RW,QUERUB,3.6,
9/2/24,7,Colby Arboretum,RW,QUERUB,3.8,
9/2/24,7,Colby Arboretum,RW,FAGGRA,4.6,
9/2/24,7,Colby Arboretum,RW,FAGGRA,7.5,
9/2/24,7,Colby Arboretum,RW,QUERUB,2.7,
9/2/24,7,Colby Arboretum,RW,QUERUB,3.3,
9/2/24,7,Colby Arboretum,RW,QUERUB,3.5,
9/2/24,7,Colby Arboretum,RW,QUERUB,4.0,
9/2/24,7,Colby Arboretum,RW,QUERUB,5.0,
9/2/24,7,Colby Arboretum,RW,QUERUB,5.9,
8/17/24,1,Androscoggin Riverlands,RW,ABIBAL,12.2,
8/17/24,1,Androscoggin Riverlands,RW,ACERUB,7.9,
8/17/24,1,Androscoggin Riverlands,RW,ACERUB,3.4,
8/17/24,1,Androscoggin Riverlands,RW,ACERUB,5.4,
8/17/24,1,Androscoggin Riverlands,RW,ACERUB,5.4,
8/17/24,1,Androscoggin Riverlands,RW,ACERUB,5.4,
8/17/24,1,Androscoggin Riverlands,RW,ACERUB,3.2,
8/17/24,1,Androscoggin Riverlands,RW,ACERUB,2.8,
8/17/24,1,Androscoggin Riverlands,RW,ACERUB,2.9,
8/17/24,1,Androscoggin Riverlands,RW,ACERUB,5.5,
8/17/24,1,Androscoggin Riverlands,RW,ACERUB,6.2,
8/17/24,1,Androscoggin Riverlands,RW,FRAAME,3.7,
8/17/24,1,Androscoggin Riverlands,RW,ACERUB,4.9,
8/17/24,1,Androscoggin Riverlands,RW,ACERUB,4.6,
8/17/24,1,Androscoggin Riverlands,RW,ACERUB,4.3,
8/17/24,2,Androscoggin Riverlands,RW,ABIBAL,12.3,
8/17/24,2,Androscoggin Riverlands,RW,ACERUB,10.1,
8/17/24,2,Androscoggin Riverlands,RW,ABIBAL,10.2,
8/17/24,2,Androscoggin Riverlands,RW,ABIBAL,7.7,
8/17/24,2,Androscoggin Riverlands,RW,ABIBAL,6.3,
8/17/24,2,Androscoggin Riverlands,RW,HAMVIR,3.9,
8/17/24,2,Androscoggin Riverlands,RW,HAMVIR,5.8,
8/17/24,2,Androscoggin Riverlands,RW,HAMVIR,4.1,
8/17/24,2,Androscoggin Riverlands,RW,ABIBAL,10.1,
8/17/24,2,Androscoggin Riverlands,RW,ACERUB,10.1,
8/17/24,2,Androscoggin Riverlands,RW,ACERUB,10.1,
8/17/24,2,Androscoggin Riverlands,RW,ABIBAL,3.3,
8/17/24,2,Androscoggin Riverlands,RW,HAMVIR,4.5,
8/17/24,2,Androscoggin Riverlands,RW,ABIBAL,5.5,
8/17/24,2,Androscoggin Riverlands,RW,ABIBAL,7.1,
8/17/24,2,Androscoggin Riverlands,RW,HAMVIR,5.5,
8/17/24,2,Androscoggin Riverlands,RW,ACERUB,11.9,
8/17/24,2,Androscoggin Riverlands,RW,ABIBAL,6.6,
8/17/24,3,Androscoggin Riverlands,RW,ACERUB,2.7,
8/17/24,3,Androscoggin Riverlands,RW,ACERUB,4.7,
8/17/24,3,Androscoggin Riverlands,RW,ACERUB,4.3,
8/17/24,3,Androscoggin Riverlands,RW,PICRUB,4.2,
8/17/24,3,Androscoggin Riverlands,RW,ACERUB,2.9,
8/17/24,3,Androscoggin Riverlands,RW,ACERUB,6.1,
8/17/24,3,Androscoggin Riverlands,RW,ACERUB,2.5,
8/17/24,3,Androscoggin Riverlands,RW,ACERUB,2.9,
8/17/24,3,Androscoggin Riverlands,RW,ACERUB,8.0,
8/17/24,3,Androscoggin Riverlands,RW,ACERUB,10.8,
8/17/24,3,Androscoggin Riverlands,RW,ACERUB,7.8,
8/17/24,3,Androscoggin Riverlands,RW,ACERUB,5.9,
8/17/24,3,Androscoggin Riverlands,RW,ACERUB,4.3,
8/17/24,3,Androscoggin Riverlands,RW,ACERUB,4.6,
8/17/24,3,Androscoggin Riverlands,RW,ACERUB,2.7,
8/17/24,3,Androscoggin Riverlands,RW,ACERUB,5.4,
8/17/24,3,Androscoggin Riverlands,RW,ACERUB,11.4,
8/17/24,3,Androscoggin Riverlands,RW,ACERUB,3.4,
8/17/24,3,Androscoggin Riverlands,RW,ACERUB,3.8,
8/17/24,3,Androscoggin Riverlands,RW,ACERUB,10.1,
8/17/24,3,Androscoggin Riverlands,RW,ACERUB,12.5,
8/17/24,3,Androscoggin Riverlands,RW,ABIBAL,3.8,
8/17/24,3,Androscoggin Riverlands,RW,ACERUB,8.7,
8/17/24,3,Androscoggin Riverlands,RW,ACERUB,2.7,
8/17/24,3,Androscoggin Riverlands,RW,ACERUB,4.3,
8/17/24,3,Androscoggin Riverlands,RW,ACERUB,4.2,
8/17/24,3,Androscoggin Riverlands,RW,ACERUB,5.4,
8/17/24,3,Androscoggin Riverlands,RW,ACERUB,6.1,
8/17/24,3,Androscoggin Riverlands,RW,ACERUB,6.9,
8/17/24,3,Androscoggin Riverlands,RW,ACERUB,9.8,
8/17/24,3,Androscoggin Riverlands,RW,ACERUB,7.4,
8/17/24,4,Androscoggin Riverlands,RW,QUERUB,9.4,
8/17/24,4,Androscoggin Riverlands,RW,OSTVIR,5.3,
8/17/24,4,Androscoggin Riverlands,RW,OSTVIR,6.4,
8/17/24,4,Androscoggin Riverlands,RW,OSTVIR,8.3,
8/17/24,4,Androscoggin Riverlands,RW,QUERUB,7.9,
8/17/24,4,Androscoggin Riverlands,RW,OSTVIR,5.1,
8/17/24,4,Androscoggin Riverlands,RW,OSTVIR,3.4,
8/17/24,4,Androscoggin Riverlands,RW,OSTVIR,3.6,
8/17/24,4,Androscoggin Riverlands,RW,OSTVIR,3.4,
8/17/24,4,Androscoggin Riverlands,RW,QUERUB,10.7,
8/17/24,4,Androscoggin Riverlands,RW,OSTVIR,3.4,
8/17/24,4,Androscoggin Riverlands,RW,ACESAC,4.4,
8/17/24,4,Androscoggin Riverlands,RW,ACERUB,3.8,
8/17/24,4,Androscoggin Riverlands,RW,OSTVIR,4.7,
8/17/24,4,Androscoggin Riverlands,RW,QUERUB,12.1,
8/17/24,4,Androscoggin Riverlands,RW,FAGGRA,4.1,
8/17/24,4,Androscoggin Riverlands,RW,ACESAC,11.7,
8/17/24,4,Androscoggin Riverlands,RW,ACESAC,2.8,
8/17/24,4,Androscoggin Riverlands,RW,ABIBAL,6.7,
8/17/24,4,Androscoggin Riverlands,RW,FAGGRA,9.9,
10/26/24,1,Scopan Lake,RW,ACEPEN,5.4,
10/26/24,1,Scopan Lake,RW,ACEPEN,4.4,
10/26/24,1,Scopan Lake,RW,ACEPEN,6.8,
10/26/24,1,Scopan Lake,RW,ACERUB,6.5,
10/26/24,1,Scopan Lake,RW,FAGGRA,2.8,
10/26/24,1,Scopan Lake,RW,FAGGRA,7.4,
10/26/24,1,Scopan Lake,RW,PICRUB,11.5,
10/26/24,1,Scopan Lake,RW,ABIBAL,7.8,
10/26/24,1,Scopan Lake,RW,ABIBAL,6.1,
10/26/24,1,Scopan Lake,RW,FAGGRA,11.8,
10/26/24,1,Scopan Lake,RW,FAGGRA,7.2,
10/26/24,1,Scopan Lake,RW,FAGGRA,3.8,
10/26/24,1,Scopan Lake,RW,FAGGRA,4.1,
10/26/24,1,Scopan Lake,RW,TSUCAN,3.0,
10/26/24,1,Scopan Lake,RW,FAGGRA,2.8,
10/26/24,1,Scopan Lake,RW,FAGGRA,4.6,
10/26/24,1,Scopan Lake,RW,ABIBAL,5.6,
10/26/24,2,Scopan Lake,RW,BETALL,7.2,
10/26/24,2,Scopan Lake,RW,BETALL,8.2,
10/26/24,2,Scopan Lake,RW,ACERUB,3.2,
10/26/24,2,Scopan Lake,RW,PICRUB,6.2,
10/26/24,2,Scopan Lake,RW,ABIBAL,3.2,
10/26/24,2,Scopan Lake,RW,ABIBAL,5.7,
10/26/24,2,Scopan Lake,RW,PICMAR,9.7,
10/26/24,2,Scopan Lake,RW,BETALL,8.6,
11/22/24,1,Coastal Botanical Gardens,RW + AS,ACERUB,5.4,
11/22/24,1,Coastal Botanical Gardens,RW + AS,ACERUB,3.9,
11/22/24,1,Coastal Botanical Gardens,RW + AS,ABIBAL,5.5,
11/22/24,1,Coastal Botanical Gardens,RW + AS,ACEPEN,5.0,
11/22/24,1,Coastal Botanical Gardens,RW + AS,ACERUB,6.9,
11/22/24,1,Coastal Botanical Gardens,RW + AS,ACERUB,7.8,
11/22/24,1,Coastal Botanical Gardens,RW + AS,ACERUB,4.6,
11/22/24,1,Coastal Botanical Gardens,RW + AS,QUERUB,9.1,
11/22/24,1,Coastal Botanical Gardens,RW + AS,ABIBAL,4.8,
11/22/24,1,Coastal Botanical Gardens,RW + AS,ACERUB,8.2,
11/22/24,1,Coastal Botanical Gardens,RW + AS,ACERUB,8.2,
11/22/24,1,Coastal Botanical Gardens,RW + AS,ACERUB,5.3,
11/22/24,1,Coastal Botanical Gardens,RW + AS,ABIBAL,9.2,
11/22/24,1,Coastal Botanical Gardens,RW + AS,ABIBAL,6.0,
11/22/24,1,Coastal Botanical Gardens,RW + AS,ACERUB,7.9,
11/22/24,2,Coastal Botanical Gardens,RW + AS,ACERUB,2.5,
11/22/24,2,Coastal Botanical Gardens,RW + AS,ACERUB,3.3,
11/22/24,2,Coastal Botanical Gardens,RW + AS,ACERUB,3.6,
11/22/24,2,Coastal Botanical Gardens,RW + AS,PINSTR,6.5,
11/22/24,2,Coastal Botanical Gardens,RW + AS,PICRUB,7.3,
11/22/24,2,Coastal Botanical Gardens,RW + AS,PICRUB,10.6,
11/22/24,2,Coastal Botanical Gardens,RW + AS,PICRUB,7.6,
11/22/24,2,Coastal Botanical Gardens,RW + AS,ABIBAL,8.6,
11/22/24,2,Coastal Botanical Gardens,RW + AS,PICRUB,7.5,
11/22/24,2,Coastal Botanical Gardens,RW + AS,PICRUB,8.9,
11/22/24,2,Coastal Botanical Gardens,RW + AS,PICRUB,12.5,
11/22/24,2,Coastal Botanical Gardens,RW + AS,ABIBAL,5.2,
11/22/24,3,Coastal Botanical Gardens,RW + AS,BETPOP,3.2,
11/22/24,3,Coastal Botanical Gardens,RW + AS,ABIBAL,11.5,
11/22/24,3,Coastal Botanical Gardens,RW + AS,ABIBAL,3.7,
11/22/24,3,Coastal Botanical Gardens,RW + AS,ABIBAL,2.9,
11/22/24,3,Coastal Botanical Gardens,RW + AS,ABIBAL,4.2,
11/22/24,3,Coastal Botanical Gardens,RW + AS,PICRUB,12.3,
11/22/24,3,Coastal Botanical Gardens,RW + AS,QUERUB,14.8,
11/22/24,3,Coastal Botanical Gardens,RW + AS,ABIBAL,8.7,
11/22/24,3,Coastal Botanical Gardens,RW + AS,ABIBAL,10.0,
11/22/24,3,Coastal Botanical Gardens,RW + AS,FAGGRA,10.5,
11/22/24,3,Coastal Botanical Gardens,RW + AS,ABIBAL,7.8,
9/3/24,1,Viles Arboretum,RW,FRAAME,11.7,
9/3/24,1,Viles Arboretum,RW,FRAAME,2.6,
9/3/24,1,Viles Arboretum,RW,FRAAME,4.1,
9/3/24,1,Viles Arboretum,RW,FRAAME,11.7,
9/3/24,1,Viles Arboretum,RW,FRAAME,8.8,
9/3/24,1,Viles Arboretum,RW,FRAAME,5.5,
9/3/24,1,Viles Arboretum,RW,FRAAME,6.2,
9/3/24,1,Viles Arboretum,RW,FRAAME,11.7,
9/3/24,1,Viles Arboretum,RW,FRAAME,2.5,
9/3/24,1,Viles Arboretum,RW,ACEPLA,2.5,
9/3/24,1,Viles Arboretum,RW,ACEPLA,7.5,
9/3/24,1,Viles Arboretum,RW,ACEPLA,11.9,
9/3/24,1,Viles Arboretum,RW,ACEPLA,2.5,
9/3/24,1,Viles Arboretum,RW,FRAAME,2.7,
9/3/24,1,Viles Arboretum,RW,FRAAME,4.4,
9/3/24,1,Viles Arboretum,RW,ACEPLA,5.5,
9/3/24,2,Viles Arboretum,RW,FRAAME,9.0,
9/3/24,2,Viles Arboretum,RW,EUOALA,2.9,
9/3/24,2,Viles Arboretum,RW,EUOALA,3.0,
9/3/24,2,Viles Arboretum,RW,EUOALA,2.5,
9/3/24,2,Viles Arboretum,RW,QUERUB,10.4,
9/3/24,2,Viles Arboretum,RW,OSTVIR,5.3,
9/3/24,2,Viles Arboretum,RW,OSTVIR,4.6,
9/3/24,2,Viles Arboretum,RW,ACEPLA,4.1,
9/3/24,2,Viles Arboretum,RW,ACESAC,9.0,
9/3/24,2,Viles Arboretum,RW,OSTVIR,7.5,
9/3/24,2,Viles Arboretum,RW,OSTVIR,11.2,
9/3/24,2,Viles Arboretum,RW,OSTVIR,4.9,
9/3/24,2,Viles Arboretum,RW,ACESAC,6.3,
9/3/24,2,Viles Arboretum,RW,FRAAME,8.2,
9/3/24,2,Viles Arboretum,RW,ACESAC,4.5,
9/3/24,2,Viles Arboretum,RW,FRAAME,3.5,
9/3/24,2,Viles Arboretum,RW,FRAAME,9.0,
9/3/24,2,Viles Arboretum,RW,OSTVIR,2.9,
9/3/24,2,Viles Arboretum,RW,FRAAME,4.9,
9/3/24,2,Viles Arboretum,RW,FRAAME,5.4,
9/3/24,3,Viles Arboretum,RW,FAGGRA,12.3,
9/3/24,3,Viles Arboretum,RW,FRAAME,5.1,
9/3/24,3,Viles Arboretum,RW,FAGGRA,3.0,
9/3/24,3,Viles Arboretum,RW,FAGGRA,9.4,
9/3/24,3,Viles Arboretum,RW,ACERUB,9.6,
9/3/24,3,Viles Arboretum,RW,FAGGRA,3.0,
9/3/24,3,Viles Arboretum,RW,OSTVIR,3.8,
9/3/24,3,Viles Arboretum,RW,BETPOP,12.5,
9/3/24,3,Viles Arboretum,RW,ACESAC,5.9,
9/3/24,3,Viles Arboretum,RW,TSUCAN,3.4,
9/3/24,3,Viles Arboretum,RW,BETPOP,11.2,
9/3/24,3,Viles Arboretum,RW,BETPOP,7.3,
9/3/24,3,Viles Arboretum,RW,FAGGRA,2.7,
9/3/24,3,Viles Arboretum,RW,FAGGRA,6.4,
9/3/24,3,Viles Arboretum,RW,FAGGRA,6.3,
9/3/24,3,Viles Arboretum,RW,OSTVIR,3.4,
8/11/24,2,Little Moose,RW,ACEPEN,3.3,
8/11/24,2,Little Moose,RW,ABIBAL,3.2,
8/11/24,2,Little Moose,RW,ABIBAL,3.4,
8/11/24,2,Little Moose,RW,ABIBAL,7.2,
8/11/24,2,Little Moose,RW,ABIBAL,4.9,
8/11/24,2,Little Moose,RW,ABIBAL,10.1,
8/11/24,2,Little Moose,RW,ABIBAL,4.5,
8/11/24,2,Little Moose,RW,ABIBAL,3.7,
8/11/24,2,Little Moose,RW,ABIBAL,3.9,
8/11/24,2,Little Moose,RW,ABIBAL,3.6,
8/11/24,2,Little Moose,RW,ABIBAL,3.8,
8/11/24,2,Little Moose,RW,ABIBAL,3.6,
8/11/24,2,Little Moose,RW,ABIBAL,6.6,
8/11/24,2,Little Moose,RW,ABIBAL,4.3,
8/11/24,2,Little Moose,RW,ABIBAL,6.2,
8/11/24,2,Little Moose,RW,ABIBAL,6.3,
8/11/24,2,Little Moose,RW,ABIBAL,4.0,
8/11/24,2,Little Moose,RW,ABIBAL,3.1,
8/11/24,2,Little Moose,RW,ABIBAL,2.7,
8/11/24,2,Little Moose,RW,ABIBAL,3.2,
8/11/24,2,Little Moose,RW,ABIBAL,3.7,
8/11/24,2,Little Moose,RW,ABIBAL,4.0,
8/11/24,2,Little Moose,RW,ABIBAL,3.2,
8/11/24,2,Little Moose,RW,ABIBAL,6.7,
8/11/24,2,Little Moose,RW,ABIBAL,5.6,
8/11/24,3,Little Moose,RW,ABIBAL,3.5,
8/11/24,3,Little Moose,RW,ABIBAL,6.2,
8/11/24,3,Little Moose,RW,ABIBAL,2.8,
8/11/24,3,Little Moose,RW,ACERUB,6.0,
8/11/24,3,Little Moose,RW,ABIBAL,4.5,
8/11/24,3,Little Moose,RW,PICRUB,7.7,
8/11/24,3,Little Moose,RW,ABIBAL,2.7,
8/11/24,3,Little Moose,RW,ABIBAL,12.3,
8/11/24,3,Little Moose,RW,ABIBAL,3.4,
8/11/24,3,Little Moose,RW,ABIBAL,3.6,
8/11/24,3,Little Moose,RW,ABIBAL,3.2,
8/11/24,3,Little Moose,RW,ABIBAL,3.9,
8/11/24,3,Little Moose,RW,ABIBAL,4.6,
8/11/24,3,Little Moose,RW,ACEPEN,7.3,
8/11/24,3,Little Moose,RW,ABIBAL,2.6,
8/11/24,3,Little Moose,RW,ABIBAL,5.7,
8/11/24,3,Little Moose,RW,ABIBAL,8.9,
8/11/24,3,Little Moose,RW,ABIBAL,4.6,
8/11/24,3,Little Moose,RW,ABIBAL,5.2,
8/11/24,3,Little Moose,RW,ABIBAL,3.7,
8/11/24,3,Little Moose,RW,ABIBAL,7.8,
8/11/24,3,Little Moose,RW,ABIBAL,8.7,
8/11/24,3,Little Moose,RW,ABIBAL,7.0,
8/11/24,3,Little Moose,RW,ABIBAL,4.9,
8/11/24,3,Little Moose,RW,ABIBAL,9.7,
8/11/24,3,Little Moose,RW,FRAAME,2.5,
8/11/24,3,Little Moose,RW,ABIBAL,4.5,
8/11/24,3,Little Moose,RW,FAGGRA,6.7,
8/11/24,3,Little Moose,RW,BETPAP,6.2,
8/11/24,3,Little Moose,RW,ACERUB,10.5,
8/11/24,3,Little Moose,RW,ABIBAL,5.9,
8/11/24,3,Little Moose,RW,ABIBAL,6.4,
8/11/24,3,Little Moose,RW,ABIBAL,3.5,
8/11/24,3,Little Moose,RW,ABIBAL,6.1,
8/11/24,3,Little Moose,RW,ABIBAL,2.8,
8/11/24,3,Little Moose,RW,ABIBAL,5.0,
8/11/24,4,Little Moose,RW,ABIBAL,6.9,
8/11/24,4,Little Moose,RW,FRANIG,10.4,
8/11/24,4,Little Moose,RW,ABIBAL,12.0,
8/11/24,4,Little Moose,RW,FRANIG,12.4,
8/11/24,4,Little Moose,RW,FRANIG,11.7,
8/11/24,4,Little Moose,RW,ACERUB,12.3,
8/11/24,4,Little Moose,RW,ABIBAL,10.0,
8/11/24,4,Little Moose,RW,ABIBAL,10.2,
8/11/24,4,Little Moose,RW,ABIBAL,4.3,
8/11/24,4,Little Moose,RW,ABIBAL,3.0,
8/11/24,4,Little Moose,RW,ABIBAL,3.1,
8/11/24,4,Little Moose,RW,ABIBAL,3.6,
8/11/24,4,Little Moose,RW,ABIBAL,6.9,
8/11/24,4,Little Moose,RW,FRANIG,9.8,
8/12/24,1,Mahoosuc,RW,ABIBAL,4.9,
8/12/24,1,Mahoosuc,RW,ABIBAL,9.1,
8/12/24,1,Mahoosuc,RW,ABIBAL,7.3,
8/12/24,1,Mahoosuc,RW,ABIBAL,5.3,
8/12/24,1,Mahoosuc,RW,ACEPEN,10.3,
8/12/24,1,Mahoosuc,RW,ABIBAL,8.2,
8/12/24,1,Mahoosuc,RW,ABIBAL,9.3,
8/12/24,1,Mahoosuc,RW,ABIBAL,9.5,
8/12/24,1,Mahoosuc,RW,ABIBAL,7.2,
8/12/24,1,Mahoosuc,RW,ABIBAL,8.8,
8/12/24,1,Mahoosuc,RW,ABIBAL,6.4,
8/12/24,1,Mahoosuc,RW,ABIBAL,7.5,
8/12/24,1,Mahoosuc,RW,ABIBAL,7.9,
8/12/24,1,Mahoosuc,RW,ABIBAL,4.5,
8/12/24,1,Mahoosuc,RW,ABIBAL,7.8,
8/12/24,1,Mahoosuc,RW,ABIBAL,4.5,
8/12/24,1,Mahoosuc,RW,ABIBAL,5.0,
8/12/24,1,Mahoosuc,RW,ABIBAL,7.5,
8/12/24,1,Mahoosuc,RW,ABIBAL,6.8,
8/12/24,1,Mahoosuc,RW,ABIBAL,4.6,
8/12/24,1,Mahoosuc,RW,ABIBAL,3.6,
8/12/24,1,Mahoosuc,RW,ABIBAL,5.4,
8/12/24,1,Mahoosuc,RW,ABIBAL,5.4,
8/12/24,1,Mahoosuc,RW,ABIBAL,3.5,
8/12/24,1,Mahoosuc,RW,ABIBAL,3.9,
8/12/24,1,Mahoosuc,RW,ABIBAL,3.6,
8/12/24,1,Mahoosuc,RW,ABIBAL,7.5,
8/12/24,1,Mahoosuc,RW,ABIBAL,5.4,
8/12/24,1,Mahoosuc,RW,ABIBAL,5.1,
8/12/24,1,Mahoosuc,RW,ABIBAL,7.4,
8/12/24,1,Mahoosuc,RW,ABIBAL,9.2,
8/12/24,1,Mahoosuc,RW,ABIBAL,12.6,
8/12/24,1,Mahoosuc,RW,ABIBAL,9.9,
8/12/24,1,Mahoosuc,RW,ABIBAL,11.3,
8/12/24,1,Mahoosuc,RW,ABIBAL,9.2,
8/12/24,1,Mahoosuc,RW,ABIBAL,9.9,
8/12/24,2,Mahoosuc,RW,ACERUB,9.3,
8/12/24,2,Mahoosuc,RW,ACERUB,3.6,
8/12/24,2,Mahoosuc,RW,ACERUB,5.0,
8/12/24,2,Mahoosuc,RW,ACERUB,6.2,
8/12/24,2,Mahoosuc,RW,ABIBAL,3.9,
8/12/24,2,Mahoosuc,RW,BETPAP,6.0,
8/12/24,2,Mahoosuc,RW,ABIBAL,8.6,
8/12/24,2,Mahoosuc,RW,ABIBAL,6.7,
8/12/24,2,Mahoosuc,RW,ABIBAL,8.7,
8/12/24,2,Mahoosuc,RW,ABIBAL,10.2,
8/12/24,2,Mahoosuc,RW,ABIBAL,6.3,
8/12/24,2,Mahoosuc,RW,BETALL,5.2,
8/12/24,2,Mahoosuc,RW,BETALL,2.9,
8/12/24,2,Mahoosuc,RW,BETALL,11.0,
8/12/24,3,Mahoosuc,RW,PICRUB,9.9,
8/12/24,3,Mahoosuc,RW,ABIBAL,4.8,
8/12/24,3,Mahoosuc,RW,ABIBAL,4.3,
8/12/24,3,Mahoosuc,RW,ABIBAL,7.4,
8/12/24,3,Mahoosuc,RW,PICRUB,2.8,
8/12/24,3,Mahoosuc,RW,SORAME,7.7,
8/12/24,3,Mahoosuc,RW,SORAME,10.8,
8/12/24,3,Mahoosuc,RW,ABIBAL,2.5,
8/12/24,3,Mahoosuc,RW,ABIBAL,8.6,
8/12/24,3,Mahoosuc,RW,ABIBAL,3.4,
8/12/24,3,Mahoosuc,RW,ABIBAL,3.6,
8/12/24,3,Mahoosuc,RW,ABIBAL,4.5,
8/12/24,3,Mahoosuc,RW,ABIBAL,5.4,
8/12/24,3,Mahoosuc,RW,ABIBAL,12.5,
8/12/24,3,Mahoosuc,RW,AMEARB,4.4,
8/12/24,3,Mahoosuc,RW,AMEARB,2.5,
8/12/24,3,Mahoosuc,RW,ABIBAL,7.0,
8/12/24,3,Mahoosuc,RW,ABIBAL,6.2,
8/12/24,3,Mahoosuc,RW,ABIBAL,9.9,
8/12/24,3,Mahoosuc,RW,ABIBAL,3.6,
8/12/24,3,Mahoosuc,RW,ABIBAL,2.7,
8/12/24,3,Mahoosuc,RW,AMEARB,2.7,
8/12/24,4,Mahoosuc,RW,FAGGRA,6.5,
8/12/24,4,Mahoosuc,RW,TSUCAN,4,
8/12/24,4,Mahoosuc,RW,FAGGRA,2.7,
8/12/24,4,Mahoosuc,RW,FAGGRA,8.0,
8/12/24,4,Mahoosuc,RW,TSUCAN,10.6,
8/13/24,2,Bigelow,RW,ACEPEN,3.7,
8/13/24,2,Bigelow,RW,ACEPEN,5.5,
8/13/24,2,Bigelow,RW,BETPAP,2.5,
8/13/24,2,Bigelow,RW,ABIBAL,3.9,
8/13/24,2,Bigelow,RW,ACERUB,5.8,
8/13/24,2,Bigelow,RW,ACERUB,6.1,
8/13/24,2,Bigelow,RW,ACERUB,5.4,
8/13/24,2,Bigelow,RW,ACERUB,3.2,
8/13/24,2,Bigelow,RW,ABIBAL,11.5,
8/13/24,2,Bigelow,RW,ACEPEN,5.5,
8/13/24,2,Bigelow,RW,FAGGRA,5.6,
8/13/24,2,Bigelow,RW,ABIBAL,3.9,
8/13/24,2,Bigelow,RW,ABIBAL,4.7,
8/13/24,2,Bigelow,RW,ABIBAL,3.5,
8/13/24,2,Bigelow,RW,ABIBAL,4.0,
8/13/24,2,Bigelow,RW,TSUCAN,5.5,
8/13/24,2,Bigelow,RW,FAGGRA,5.1,
8/13/24,2,Bigelow,RW,FAGGRA,6.5,
8/13/24,2,Bigelow,RW,ABIBAL,3.1,
8/13/24,2,Bigelow,RW,BETALL,3.6,
8/13/24,2,Bigelow,RW,FRAAME,5.3,
8/13/24,2,Bigelow,RW,FRAAME,10.4,
8/13/24,2,Bigelow,RW,FAGGRA,4.6,
8/13/24,2,Bigelow,RW,ACEPEN,8.3,
8/13/24,2,Bigelow,RW,ABIBAL,11.9,
8/13/24,2,Bigelow,RW,FAGGRA,4.1,
8/13/24,2,Bigelow,RW,TSUCAN,4.0,
8/13/24,2,Bigelow,RW,FAGGRA,3.0,
8/13/24,2,Bigelow,RW,ABIBAL,3.1,
8/13/24,2,Bigelow,RW,FAGGRA,3.2,
8/13/24,3,Bigelow,RW,ABIBAL,6.9,
8/13/24,3,Bigelow,RW,ABIBAL,7.0,
8/13/24,3,Bigelow,RW,ABIBAL,10.5,
8/13/24,3,Bigelow,RW,ABIBAL,5.0,
8/13/24,3,Bigelow,RW,ABIBAL,10.3,
8/13/24,3,Bigelow,RW,ABIBAL,6.6,
8/13/24,3,Bigelow,RW,ABIBAL,7.6,
8/13/24,3,Bigelow,RW,ABIBAL,11.9,
8/13/24,3,Bigelow,RW,ABIBAL,5.8,
8/13/24,3,Bigelow,RW,ABIBAL,12.3,
8/13/24,3,Bigelow,RW,ABIBAL,4.7,
8/13/24,3,Bigelow,RW,ABIBAL,7.7,
8/13/24,3,Bigelow,RW,ABIBAL,6.0,
8/13/24,3,Bigelow,RW,ABIBAL,4.2,
8/13/24,3,Bigelow,RW,ABIBAL,3.0,
8/13/24,3,Bigelow,RW,BETPAP,5.4,
8/13/24,3,Bigelow,RW,ABIBAL,11.1,
8/13/24,3,Bigelow,RW,ABIBAL,8.6,
8/13/24,3,Bigelow,RW,ABIBAL,6.1,
8/13/24,3,Bigelow,RW,FAGGRA,11.7,
8/13/24,3,Bigelow,RW,ABIBAL,7.5,
8/13/24,3,Bigelow,RW,ABIBAL,7.2,
8/13/24,3,Bigelow,RW,ABIBAL,5.9,
8/13/24,3,Bigelow,RW,ABIBAL,5.0,
8/13/24,4,Bigelow,RW,PICRUB,4.1,
8/13/24,4,Bigelow,RW,ABIBAL,4.7,
8/13/24,4,Bigelow,RW,ABIBAL,11.4,
8/13/24,4,Bigelow,RW,ABIBAL,6.3,
8/13/24,4,Bigelow,RW,ABIBAL,5.6,
8/13/24,4,Bigelow,RW,ABIBAL,4.4,
8/13/24,4,Bigelow,RW,ABIBAL,3.6,
8/13/24,4,Bigelow,RW,ABIBAL,3.5,
8/13/24,4,Bigelow,RW,ABIBAL,2.9,
8/13/24,4,Bigelow,RW,BETPAP,6.9,
8/13/24,4,Bigelow,RW,ABIBAL,4.5,
8/13/24,4,Bigelow,RW,ABIBAL,3.4,
8/13/24,4,Bigelow,RW,ABIBAL,3.0,
8/13/24,4,Bigelow,RW,ABIBAL,7.5,
8/13/24,4,Bigelow,RW,ABIBAL,3.7,
8/13/24,4,Bigelow,RW,ABIBAL,8.9,
8/13/24,4,Bigelow,RW,PICRUB,7.7,
8/13/24,4,Bigelow,RW,PICRUB,10.6,
8/13/24,4,Bigelow,RW,ABIBAL,3.4,
8/13/24,4,Bigelow,RW,ABIBAL,2.9,
8/13/24,4,Bigelow,RW,ABIBAL,8.8,
8/13/24,4,Bigelow,RW,ABIBAL,10.3,
8/13/24,4,Bigelow,RW,ABIBAL,5.9,
8/13/24,4,Bigelow,RW,ABIBAL,4.3,
8/13/24,4,Bigelow,RW,ABIBAL,4.3,
8/13/24,4,Bigelow,RW,ABIBAL,3.1,
8/13/24,4,Bigelow,RW,ABIBAL,5.6,
8/13/24,4,Bigelow,RW,ABIBAL,7.1,
8/13/24,4,Bigelow,RW,ABIBAL,4.2,
8/13/24,4,Bigelow,RW,ABIBAL,7.7,
8/13/24,4,Bigelow,RW,ABIBAL,6.6,
8/13/24,4,Bigelow,RW,ABIBAL,6.7,
8/13/24,4,Bigelow,RW,ABIBAL,10,
8/13/24,4,Bigelow,RW,ABIBAL,9.1,
8/13/24,4,Bigelow,RW,ABIBAL,3.2,
8/13/24,4,Bigelow,RW,ABIBAL,5.1,
8/13/24,4,Bigelow,RW,ABIBAL,4.1,
8/13/24,4,Bigelow,RW,ABIBAL,9.2,
8/13/24,4,Bigelow,RW,ABIBAL,4.4,
8/13/24,4,Bigelow,RW,ABIBAL,3.3,
8/13/24,4,Bigelow,RW,ABIBAL,5.6,
8/13/24,4,Bigelow,RW,ABIBAL,4.0,
8/13/24,4,Bigelow,RW,ABIBAL,5.6,
8/16/24,1,Kennebec Highlands,RW,TSUCAN,5.7,
8/16/24,1,Kennebec Highlands,RW,FAGGRA,11.4,
8/16/24,1,Kennebec Highlands,RW,TSUCAN,9.7,
8/16/24,1,Kennebec Highlands,RW,TSUCAN,11.7,
8/16/24,1,Kennebec Highlands,RW,TSUCAN,3.2,
8/16/24,1,Kennebec Highlands,RW,FAGGRA,2.8,
8/16/24,2,Kennebec Highlands,RW,FAGGRA,3.5,
8/16/24,2,Kennebec Highlands,RW,FAGGRA,4.6,
8/16/24,2,Kennebec Highlands,RW,FAGGRA,8.1,
8/16/24,2,Kennebec Highlands,RW,ACERUB,6.1,
8/16/24,2,Kennebec Highlands,RW,FAGGRA,5.4,
8/16/24,2,Kennebec Highlands,RW,ACERUB,3.4,
8/16/24,2,Kennebec Highlands,RW,ACESAC,4.2,
8/16/24,2,Kennebec Highlands,RW,OSTVIR,4.4,
8/16/24,2,Kennebec Highlands,RW,OSTVIR,4.7,
8/16/24,2,Kennebec Highlands,RW,ACESAC,2.8,
8/16/24,2,Kennebec Highlands,RW,ACESAC,8.8,
8/16/24,2,Kennebec Highlands,RW,OSTVIR,5.5,
8/16/24,2,Kennebec Highlands,RW,OSTVIR,5.2,
8/16/24,2,Kennebec Highlands,RW,OSTVIR,5.7,
8/16/24,2,Kennebec Highlands,RW,ACESAC,6.7,
8/16/24,2,Kennebec Highlands,RW,OSTVIR,5.0,
8/16/24,2,Kennebec Highlands,RW,QUERUB,10.6,
8/16/24,2,Kennebec Highlands,RW,ACERUB,5.3,
8/16/24,2,Kennebec Highlands,RW,ACESAC,3.9,
8/16/24,2,Kennebec Highlands,RW,ACESAC,5.8,
8/16/24,2,Kennebec Highlands,RW,ACERUB,6.6,
8/16/24,2,Kennebec Highlands,RW,ACESAC,4.1,
8/16/24,2,Kennebec Highlands,RW,ACESAC,7.7,
8/16/24,2,Kennebec Highlands,RW,OSTVIR,3.8,
8/16/24,2,Kennebec Highlands,RW,OSTVIR,4.6,
8/16/24,3,Kennebec Highlands,RW,ACEPEN,4.3,
8/16/24,3,Kennebec Highlands,RW,ACERUB,2.9,
8/16/24,3,Kennebec Highlands,RW,ACEPEN,3.3,
8/16/24,3,Kennebec Highlands,RW,ACEPEN,2.8,
8/16/24,3,Kennebec Highlands,RW,FAGGRA,3.8,
8/16/24,3,Kennebec Highlands,RW,QUERUB,4.2,
8/16/24,3,Kennebec Highlands,RW,QUERUB,6.1,
8/16/24,3,Kennebec Highlands,RW,FAGGRA,5.6,
8/16/24,3,Kennebec Highlands,RW,QUERUB,4.8,
8/16/24,4,Kennebec Highlands,RW,FAGGRA,8.2,
8/16/24,4,Kennebec Highlands,RW,QUERUB,12.2,
8/16/24,4,Kennebec Highlands,RW,QUERUB,9.0,
8/16/24,4,Kennebec Highlands,RW,FAGGRA,2.7,
8/16/24,4,Kennebec Highlands,RW,FAGGRA,3.4,
8/16/24,4,Kennebec Highlands,RW,FRAAME,11.2,
8/16/24,4,Kennebec Highlands,RW,FAGGRA,3.7,
8/16/24,4,Kennebec Highlands,RW,FAGGRA,3.7,
8/16/24,4,Kennebec Highlands,RW,FAGGRA,4.2,
8/16/24,4,Kennebec Highlands,RW,FAGGRA,3.0,
8/16/24,4,Kennebec Highlands,RW,FAGGRA,6.7,
8/16/24,4,Kennebec Highlands,RW,FAGGRA,4.2,
8/16/24,4,Kennebec Highlands,RW,FAGGRA,4.1,
8/16/24,4,Kennebec Highlands,RW,FAGGRA,7.4,
8/16/24,4,Kennebec Highlands,RW,QUERUB,11.9,
8/16/24,4,Kennebec Highlands,RW,FAGGRA,8.0,
8/16/24,4,Kennebec Highlands,RW,FAGGRA,3.8,
8/16/24,4,Kennebec Highlands,RW,FAGGRA,8.8,
8/16/24,4,Kennebec Highlands,RW,FAGGRA,8.0,
8/16/24,4,Kennebec Highlands,RW,FAGGRA,5.3,
8/16/24,4,Kennebec Highlands,RW,QUERUB,7.7,
8/16/24,4,Kennebec Highlands,RW,QUERUB,7.0,
8/16/24,4,Kennebec Highlands,RW,FAGGRA,8.4,
8/16/24,4,Kennebec Highlands,RW,FAGGRA,11.7,
8/16/24,4,Kennebec Highlands,RW,QUERUB,10.9,
8/16/24,4,Kennebec Highlands,RW,ACERUB,6.9,
8/16/24,4,Kennebec Highlands,RW,QUERUB,10.8,
8/16/24,4,Kennebec Highlands,RW,FAGGRA,6.8,
8/16/24,4,Kennebec Highlands,RW,FAGGRA,2.5,
8/16/24,4,Kennebec Highlands,RW,FAGGRA,6.5,
8/16/24,4,Kennebec Highlands,RW,QUERUB,8.7,
8/16/24,4,Kennebec Highlands,RW,FAGGRA,6.7,
8/16/24,4,Kennebec Highlands,RW,FAGGRA,12.4,
8/16/24,4,Kennebec Highlands,RW,FAGGRA,10.4,
8/13/24,1,Bigelow,RW,ACERUB,11,
8/13/24,1,Bigelow,RW,ABIBAL,8.6,
8/13/24,1,Bigelow,RW,ABIBAL,4.7,
8/13/24,1,Bigelow,RW,ABIBAL,4.8,
8/13/24,1,Bigelow,RW,BETPAP,11.1,
8/13/24,1,Bigelow,RW,ABIBAL,4.1,
8/13/24,1,Bigelow,RW,ABIBAL,9.3,
8/13/24,1,Bigelow,RW,ACERUB,9.0,
8/13/24,1,Bigelow,RW,ABIBAL,9.9,
8/13/24,1,Bigelow,RW,POPTRE,9.8,
8/13/24,1,Bigelow,RW,ACEPEN,3.0,
8/13/24,1,Bigelow,RW,ACERUB,7.9,
8/14/24,2,Colby Arboretum,RW,ACERUB,12.0,
8/14/24,2,Colby Arboretum,RW,ACERUB,4.7,
8/14/24,2,Colby Arboretum,RW,ACERUB,7.1,
8/14/24,2,Colby Arboretum,RW,QUERUB,7.3,
8/14/24,2,Colby Arboretum,RW,QUERUB,7.8,
8/14/24,2,Colby Arboretum,RW,ACERUB,5.7,
8/14/24,2,Colby Arboretum,RW,ACERUB,5.4,
8/14/24,2,Colby Arboretum,RW,ACERUB,3.9,
8/14/24,2,Colby Arboretum,RW,ACERUB,8.2,
8/14/24,2,Colby Arboretum,RW,FRAAME,5.0,
8/14/24,2,Colby Arboretum,RW,QUERUB,7.8,
8/15/24,1,Bradbury Mountain,RW,TSUCAN,10.6,
8/15/24,1,Bradbury Mountain,RW,FAGGRA,3.6,
8/15/24,1,Bradbury Mountain,RW,FAGGRA,5.3,
8/15/24,1,Bradbury Mountain,RW,FAGGRA,2.6,
8/15/24,1,Bradbury Mountain,RW,FAGGRA,2.7,
8/15/24,1,Bradbury Mountain,RW,ACESAC,5.0,
8/15/24,1,Bradbury Mountain,RW,FAGGRA,11.9,
8/15/24,1,Bradbury Mountain,RW,ACERUB,5.8,
8/15/24,1,Bradbury Mountain,RW,FAGGRA,4.6,
8/15/24,2,Bradbury Mountain,RW,FAGGRA,11.4,
8/15/24,2,Bradbury Mountain,RW,FAGGRA,7.7,
8/15/24,2,Bradbury Mountain,RW,FAGGRA,8.1,
8/15/24,3,Bradbury Mountain,RW,ACERUB,4.8,
8/15/24,3,Bradbury Mountain,RW,ACERUB,7.5,
8/15/24,3,Bradbury Mountain,RW,ACERUB,8.8,
8/15/24,3,Bradbury Mountain,RW,ACERUB,9.7,
8/15/24,3,Bradbury Mountain,RW,TSUCAN,6.2,
8/15/24,3,Bradbury Mountain,RW,HAMVIR,4.1,
8/15/24,3,Bradbury Mountain,RW,ACERUB,11.9,
8/15/24,3,Bradbury Mountain,RW,HAMVIR,3.1,
8/15/24,3,Bradbury Mountain,RW,HAMVIR,4.8,
8/15/24,3,Bradbury Mountain,RW,HAMVIR,3.0,
8/15/24,3,Bradbury Mountain,RW,ACERUB,6.4,
8/15/24,3,Bradbury Mountain,RW,HAMVIR,3.0,
8/15/24,3,Bradbury Mountain,RW,ACEPEN,3.7,
8/15/24,3,Bradbury Mountain,RW,PINSTR,8.7,
8/15/24,3,Bradbury Mountain,RW,ACERUB,4.0,
8/15/24,3,Bradbury Mountain,RW,ACERUB,4.6,
8/15/24,4,Bradbury Mountain,RW,QUERUB,9.8,
8/15/24,4,Bradbury Mountain,RW,QUERUB,3.2,
8/15/24,4,Bradbury Mountain,RW,FAGGRA,9.6,
8/15/24,4,Bradbury Mountain,RW,FAGGRA,4.4,
8/15/24,4,Bradbury Mountain,RW,QUERUB,9.9,
8/15/24,4,Bradbury Mountain,RW,QUERUB,6.7,
8/15/24,4,Bradbury Mountain,RW,FRAAME,9.5,
8/15/24,4,Bradbury Mountain,RW,QUERUB,6.5,
8/15/24,4,Bradbury Mountain,RW,FAGGRA,5.8,
9/8/24,1,Seboeis Lake,RW,PINSTR,10.3,
9/8/24,1,Seboeis Lake,RW,ABIBAL,2.5,
9/8/24,1,Seboeis Lake,RW,PINSTR,8.9,
9/8/24,1,Seboeis Lake,RW,PINSTR,5.6,
9/8/24,1,Seboeis Lake,RW,PINSTR,3.7,
9/8/24,1,Seboeis Lake,RW,PINSTR,4.7,
9/8/24,1,Seboeis Lake,RW,PINSTR,6.3,
9/8/24,1,Seboeis Lake,RW,ABIBAL,11.6,
9/8/24,1,Seboeis Lake,RW,FAGGRA,9.4,
9/8/24,1,Seboeis Lake,RW,ABIBAL,3.2,
9/8/24,1,Seboeis Lake,RW,ABIBAL,2.5,
9/8/24,1,Seboeis Lake,RW,ABIBAL,7.1,
9/8/24,1,Seboeis Lake,RW,ACERUB,5.0,
9/8/24,2,Seboeis Lake,RW,FRAAME,11.9,
9/8/24,2,Seboeis Lake,RW,FRAAME,6.8,
9/8/24,2,Seboeis Lake,RW,ABIBAL,6.6,
9/8/24,2,Seboeis Lake,RW,ABIBAL,7.6,
9/8/24,2,Seboeis Lake,RW,ABIBAL,3.7,
9/8/24,2,Seboeis Lake,RW,ABIBAL,10.4,
9/8/24,2,Seboeis Lake,RW,ABIBAL,8.4,
9/8/24,2,Seboeis Lake,RW,ABIBAL,8.6,
9/8/24,2,Seboeis Lake,RW,FRANIG,4.0,
9/8/24,2,Seboeis Lake,RW,FRANIG,3.6,
9/8/24,2,Seboeis Lake,RW,ACERUB,9.8,
9/8/24,2,Seboeis Lake,RW,FRAAME,4.0,
9/8/24,2,Seboeis Lake,RW,FRAAME,4.3,
9/8/24,2,Seboeis Lake,RW,FRAAME,6.6,
9/8/24,2,Seboeis Lake,RW,FRAAME,2.6,
9/8/24,2,Seboeis Lake,RW,FRAAME,5.6,
9/8/24,2,Seboeis Lake,RW,FRAAME,3.3,
9/8/24,2,Seboeis Lake,RW,FRAAME,4.0,
9/8/24,2,Seboeis Lake,RW,FRAAME,2.9,
9/8/24,2,Seboeis Lake,RW,BETALL,11.6,
9/8/24,2,Seboeis Lake,RW,FRAAME,5.4,
9/8/24,2,Seboeis Lake,RW,ACERUB,12.8,
9/8/24,2,Seboeis Lake,RW,ABIBAL,5.5,
9/8/24,3,Seboeis Lake,RW,ABIBAL,5.5,
9/8/24,3,Seboeis Lake,RW,ABIBAL,10.9,
9/8/24,3,Seboeis Lake,RW,ABIBAL,4.7,
9/8/24,3,Seboeis Lake,RW,ABIBAL,12.1,
9/8/24,3,Seboeis Lake,RW,PICRUB,9.6,
9/8/24,3,Seboeis Lake,RW,ABIBAL,6.7,
9/8/24,3,Seboeis Lake,RW,ABIBAL,4.1,
9/8/24,3,Seboeis Lake,RW,ABIBAL,6.4,
9/8/24,3,Seboeis Lake,RW,ABIBAL,4.3,
9/8/24,3,Seboeis Lake,RW,PICRUB,10.1,
9/8/24,3,Seboeis Lake,RW,ABIBAL,4.5,
9/8/24,3,Seboeis Lake,RW,ABIBAL,6.7,
9/8/24,3,Seboeis Lake,RW,ABIBAL,9.6,
9/8/24,3,Seboeis Lake,RW,ABIBAL,11.4,
9/8/24,3,Seboeis Lake,RW,ABIBAL,9.7,
9/8/24,3,Seboeis Lake,RW,ABIBAL,2.9,
9/8/24,3,Seboeis Lake,RW,ABIBAL,6.3,
9/8/24,3,Seboeis Lake,RW,PICRUB,5.9,
9/8/24,3,Seboeis Lake,RW,ABIBAL,9.3,
9/8/24,3,Seboeis Lake,RW,ACERUB,7.7,
9/8/24,3,Seboeis Lake,RW,PICRUB,2.7,
9/8/24,3,Seboeis Lake,RW,ABIBAL,4.4,
9/8/24,3,Seboeis Lake,RW,ABIBAL,3.2,
9/8/24,3,Seboeis Lake,RW,ABIBAL,4.4,
9/8/24,3,Seboeis Lake,RW,PICRUB,5.3,
9/8/24,3,Seboeis Lake,RW,ABIBAL,8.1,
9/8/24,3,Seboeis Lake,RW,ABIBAL,4.6,
9/8/24,3,Seboeis Lake,RW,PICRUB,6.4,
9/8/24,3,Seboeis Lake,RW,THUOCC,11.8,
9/14/24,1,Kennebec Public Land Trust,RW,FRAAME,9.0,
9/14/24,1,Kennebec Public Land Trust,RW,FAGGRA,7.5,
9/14/24,1,Kennebec Public Land Trust,RW,FAGGRA,9.3,
9/14/24,1,Kennebec Public Land Trust,RW,FAGGRA,4.0,
9/14/24,1,Kennebec Public Land Trust,RW,TSUCAN,3.8,
9/14/24,1,Kennebec Public Land Trust,RW,TSUCAN,9.8,
9/14/24,1,Kennebec Public Land Trust,RW,FAGGRA,3.1,
9/14/24,1,Kennebec Public Land Trust,RW,TSUCAN,3.7,
9/14/24,1,Kennebec Public Land Trust,RW,TSUCAN,4.7,
9/14/24,1,Kennebec Public Land Trust,RW,TSUCAN,12.0,
9/14/24,1,Kennebec Public Land Trust,RW,TSUCAN,5.8,
9/14/24,1,Kennebec Public Land Trust,RW,TSUCAN,3.5,
9/14/24,1,Kennebec Public Land Trust,RW,PINSTR,10.9,
9/14/24,1,Kennebec Public Land Trust,RW,TSUCAN,3.4,
9/14/24,1,Kennebec Public Land Trust,RW,BETALL,6.2,
9/14/24,1,Kennebec Public Land Trust,RW,TSUCAN,4.6,
9/14/24,1,Kennebec Public Land Trust,RW,QUERUB,6.8,
9/14/24,1,Kennebec Public Land Trust,RW,TSUCAN,9.3,
9/14/24,1,Kennebec Public Land Trust,RW,TSUCAN,2.7,
9/14/24,1,Kennebec Public Land Trust,RW,BETALL,7.1,
9/14/24,1,Kennebec Public Land Trust,RW,BETALL,8.9,
9/14/24,1,Kennebec Public Land Trust,RW,BETALL,11.2,
9/14/24,1,Kennebec Public Land Trust,RW,BETALL,12.3,
9/14/24,1,Kennebec Public Land Trust,RW,BETALL,9.2,
9/14/24,1,Kennebec Public Land Trust,RW,TSUCAN,7.5,
9/14/24,1,Kennebec Public Land Trust,RW,BETALL,9.5,
9/14/24,1,Kennebec Public Land Trust,RW,FAGGRA,4.5,
9/14/24,2,Kennebec Public Land Trust,RW,FAGGRA,5.7,
9/14/24,2,Kennebec Public Land Trust,RW,FAGGRA,8.6,
9/14/24,2,Kennebec Public Land Trust,RW,TSUCAN,4.9,
9/14/24,2,Kennebec Public Land Trust,RW,FAGGRA,4.1,
9/14/24,2,Kennebec Public Land Trust,RW,ABIBAL,5.5,
9/14/24,2,Kennebec Public Land Trust,RW,FAGGRA,5.0,
9/14/24,2,Kennebec Public Land Trust,RW,FAGGRA,3.0,
9/14/24,2,Kennebec Public Land Trust,RW,FAGGRA,4.3,
9/14/24,2,Kennebec Public Land Trust,RW,FAGGRA,4.4,
9/14/24,2,Kennebec Public Land Trust,RW,FAGGRA,6.1,
9/14/24,2,Kennebec Public Land Trust,RW,FAGGRA,7.7,
9/14/24,2,Kennebec Public Land Trust,RW,FAGGRA,6.0,
9/14/24,3,Kennebec Public Land Trust,RW,ACESAC,5.6,
9/14/24,3,Kennebec Public Land Trust,RW,ACESAC,4.6,
9/14/24,3,Kennebec Public Land Trust,RW,ACESAC,4.4,
9/14/24,3,Kennebec Public Land Trust,RW,ACESAC,4.8,
9/14/24,3,Kennebec Public Land Trust,RW,ACESAC,10.9,
9/14/24,3,Kennebec Public Land Trust,RW,ACESAC,3.7,
9/14/24,3,Kennebec Public Land Trust,RW,ACESAC,2.7,
9/14/24,3,Kennebec Public Land Trust,RW,BETALL,4.0,
9/14/24,3,Kennebec Public Land Trust,RW,BETALL,8.7,
9/7/24,8,Colby Arboretum,RW,FRAAME,6.8,
9/7/24,8,Colby Arboretum,RW,FRAAME,6.2,
9/7/24,8,Colby Arboretum,RW,FRAAME,6.8,
9/7/24,8,Colby Arboretum,RW,FAGGRA,3.4,
9/7/24,8,Colby Arboretum,RW,FRAAME,10.9,
9/7/24,8,Colby Arboretum,RW,FRAAME,3.5,
9/7/24,8,Colby Arboretum,RW,FRAAME,4.3,
9/7/24,8,Colby Arboretum,RW,FRAAME,6.9,
9/7/24,8,Colby Arboretum,RW,ACERUB,9.1,
9/7/24,8,Colby Arboretum,RW,ACERUB,9.8,
9/7/24,8,Colby Arboretum,RW,FRAAME,4.2,
9/7/24,8,Colby Arboretum,RW,FRAAME,3.1,
9/7/24,8,Colby Arboretum,RW,FRAAME,6.2,
9/7/24,9,Colby Arboretum,RW,TSUCAN,5.7,
9/7/24,9,Colby Arboretum,RW,FRAAME,7.1,
9/7/24,9,Colby Arboretum,RW,FRAAME,11.7,
9/7/24,9,Colby Arboretum,RW,FAGGRA,3.8,
9/7/24,9,Colby Arboretum,RW,OSTVIR,10.8,
9/7/24,9,Colby Arboretum,RW,BETPAP,3.4,
9/7/24,9,Colby Arboretum,RW,OSTVIR,8.1,
9/7/24,9,Colby Arboretum,RW,BETALL,8.7,